variant,load,policy,base,metric,mean,ci95,base_mean,base_ci95,n,diff_mean,diff_ci95,win,tie,loss
balanced,0.8,priority+best_fit+preempt,priority+best_fit,bsld_p95,12.633726,28.711685,9.646788,18.282067,3,2.986938,10.877036,0,1,2
balanced,0.8,priority+best_fit+preempt,priority+best_fit,wait_p95,3064.457667,6493.934002,2403.979,6102.280536,3,660.478667,522.030441,0,0,3
balanced,0.8,priority+best_fit+preempt,priority+best_fit,slo_attainment,0.996825,0.013659,0.972103,0.071035,3,0.024723,0.059276,1,2,0
balanced,0.8,priority+best_fit+preempt,priority+best_fit,utilization,0.824279,0.172659,0.793804,0.162331,3,0.030475,0.037198,1,2,0
balanced,0.8,priority+best_fit+preempt,priority+best_fit,jain_bsld,0.904102,0.171383,0.925037,0.20693,3,-0.020934,0.093673,0,2,1
balanced,0.8,priority+best_fit+preempt,priority+best_fit,quota_satisfaction,0.768231,0.171994,0.772981,0.249729,3,-0.004749,0.172404,1,1,1
balanced,0.8,priority+best_fit+preempt,priority+best_fit,preemptions,86.333333,78.332442,0.0,0.0,3,86.333333,78.332442,,,
balanced,0.8,priority+best_fit+preempt,priority+best_fit,lost_gpu_seconds,48038.302,13213.235293,0.0,0.0,3,48038.302,13213.235293,,,
balanced,0.8,priority+best_fit+preempt,priority+best_fit,overhead_gpu_seconds,33240.0,16199.016114,0.0,0.0,3,33240.0,16199.016114,,,
balanced,0.8,quota+first_fit+reclaim,quota+first_fit,bsld_p95,9.003361,15.376622,11.150481,15.690126,3,-2.14712,5.294189,2,1,0
balanced,0.8,quota+first_fit+reclaim,quota+first_fit,wait_p95,2330.209,4020.029098,3059.936667,5432.90855,3,-729.727667,1447.773467,3,0,0
balanced,0.8,quota+first_fit+reclaim,quota+first_fit,slo_attainment,0.972552,0.059541,0.95033,0.130643,3,0.022222,0.095615,1,2,0
balanced,0.8,quota+first_fit+reclaim,quota+first_fit,utilization,0.794209,0.10973,0.777288,0.127843,3,0.016921,0.038519,0,3,0
balanced,0.8,quota+first_fit+reclaim,quota+first_fit,jain_bsld,0.8861,0.218494,0.877184,0.20854,3,0.008916,0.072293,0,3,0
balanced,0.8,quota+first_fit+reclaim,quota+first_fit,quota_satisfaction,0.775561,0.282318,0.792391,0.238871,3,-0.01683,0.105191,0,2,1
balanced,0.8,quota+first_fit+reclaim,quota+first_fit,preemptions,40.0,19.873102,0.0,0.0,3,40.0,19.873102,,,
balanced,0.8,quota+first_fit+reclaim,quota+first_fit,lost_gpu_seconds,40695.254,34983.988411,0.0,0.0,3,40695.254,34983.988411,,,
balanced,0.8,quota+first_fit+reclaim,quota+first_fit,overhead_gpu_seconds,23440.0,12252.214452,0.0,0.0,3,23440.0,12252.214452,,,
