variant,load,policy,metric,diff_mean,diff_ci95,n,win,tie,loss
balanced,0.8,priority+best_fit,bsld_p95,-47.529995,148.435811,3,3,0,0
balanced,0.8,priority+best_fit,wait_p95,-1725.799333,276.64009,3,3,0,0
balanced,0.8,priority+best_fit,wait_mean,-1668.610743,3653.995678,3,3,0,0
balanced,0.8,priority+best_fit,jct_mean,-1664.685338,3662.711046,3,3,0,0
balanced,0.8,priority+best_fit,jain_bsld,0.100276,0.161341,3,2,1,0
balanced,0.8,priority+best_fit,utilization,0.03072,0.059388,3,1,2,0
balanced,0.8,priority+best_fit,slo_attainment,0.306102,0.837722,3,3,0,0
balanced,0.8,priority+best_fit,quota_satisfaction,0.059706,0.207577,3,2,1,0
balanced,0.8,priority+best_fit,borrowed_gpu_hours,3.763266,12.473205,3,,,
balanced,0.8,priority+best_fit,jain_weighted_bsld,0.095222,0.157341,3,2,1,0
balanced,0.8,priority+best_fit,wait_p95_team-a,-2114.365,1834.191554,3,3,0,0
balanced,0.8,priority+best_fit,wait_p95_team-b,-576.515667,2453.01289,3,1,2,0
balanced,0.8,priority+best_fit,wait_p95_team-c,317.088333,8075.935824,3,2,0,1
balanced,0.8,quota+first_fit,bsld_p95,-46.026302,155.543799,3,3,0,0
balanced,0.8,quota+first_fit,wait_p95,-1069.841667,3953.56094,3,2,0,1
balanced,0.8,quota+first_fit,wait_mean,-1648.252744,3792.698012,3,3,0,0
balanced,0.8,quota+first_fit,jct_mean,-1641.693126,3791.541577,3,3,0,0
balanced,0.8,quota+first_fit,jain_bsld,0.052423,0.403799,3,1,1,1
balanced,0.8,quota+first_fit,utilization,0.014204,0.047855,3,0,3,0
balanced,0.8,quota+first_fit,slo_attainment,0.284329,0.781604,3,3,0,0
balanced,0.8,quota+first_fit,quota_satisfaction,0.079116,0.161817,3,3,0,0
balanced,0.8,quota+first_fit,borrowed_gpu_hours,-2.394057,4.68786,3,,,
balanced,0.8,quota+first_fit,jain_weighted_bsld,0.048528,0.378927,3,1,1,1
balanced,0.8,quota+first_fit,wait_p95_team-a,-1461.392667,5089.515739,3,2,0,1
balanced,0.8,quota+first_fit,wait_p95_team-b,442.076333,7022.162306,3,2,0,1
balanced,0.8,quota+first_fit,wait_p95_team-c,630.382333,6690.064766,3,2,0,1
balanced,0.8,stub,bsld_p95,0.0,0.0,3,0,3,0
balanced,0.8,stub,wait_p95,0.0,0.0,3,0,3,0
balanced,0.8,stub,wait_mean,0.0,0.0,3,0,3,0
balanced,0.8,stub,jct_mean,0.0,0.0,3,0,3,0
balanced,0.8,stub,jain_bsld,0.0,0.0,3,0,3,0
balanced,0.8,stub,utilization,0.0,0.0,3,0,3,0
balanced,0.8,stub,slo_attainment,0.0,0.0,3,0,3,0
balanced,0.8,stub,quota_satisfaction,0.0,0.0,3,0,3,0
balanced,0.8,stub,borrowed_gpu_hours,0.0,0.0,3,,,
balanced,0.8,stub,jain_weighted_bsld,0.0,0.0,3,0,3,0
balanced,0.8,stub,wait_p95_team-a,0.0,0.0,3,0,3,0
balanced,0.8,stub,wait_p95_team-b,0.0,0.0,3,0,3,0
balanced,0.8,stub,wait_p95_team-c,0.0,0.0,3,0,3,0
