experiment,backend,variant,load,policy,seed,makespan_s,wait_mean,wait_p95,jct_mean,bsld_p95,jain_bsld,utilization,slo_attainment,quota_satisfaction,borrowed_gpu_hours,jain_weighted_bsld,running_over_allocated,admit_to_running_ms_mean,admit_to_running_ms_p95,observe_lag_ms_mean,observe_lag_ms_p95,observe_lag_ms_max,placement_match,attempts,retries,dead_letters,preemptions,lost_gpu_seconds,overhead_gpu_seconds,wait_p95_team-a,wait_p95_team-b,wait_p95_team-c,attempts_by_reason,terminal_states,stale_actions,policy_failures,events,wall_s
E2,kube-fake,balanced,0.8,fifo+first_fit,1,10530.307,524.795687,2010.929,1676.626687,10.502569,0.828079,0.727547,0.95,0.786104,7.994419,0.838365,0.999076,1050.0,1050.0,0.0,0.0,0.0,1.0,40,0,0,0,0.0,0.0,2046.679,1809.39,2010.929,"{""succeeded"": 40}","{""SUCCEEDED"": 40}",0,0,160,0.2459
E2,kube-fake,balanced,0.8,fifo+first_fit,2,20758.625,982.534156,5842.836,2613.084125,12.938104,0.857302,0.467673,0.823529,0.756638,6.967654,0.86553,0.999596,1050.0,1050.0,0.0,0.0,0.0,1.0,40,0,0,0,0.0,0.0,5842.836,2080.946,6101.468,"{""succeeded"": 40}","{""SUCCEEDED"": 40}",0,0,160,0.2189
E2,kube-fake,balanced,0.8,fifo+first_fit,3,13180.918,966.837031,2422.194,2064.655062,12.26238,0.916703,0.658093,0.785714,0.880698,1.796034,0.92199,0.999386,1050.0,1050.0,0.0,0.0,0.0,1.0,40,0,0,0,0.0,0.0,2539.13,2078.448,2422.194,"{""succeeded"": 40}","{""SUCCEEDED"": 40}",0,0,160,0.2344
E2,kube-fake,balanced,0.8,fifo+first_fit,4,9949.557,167.787469,854.269,1316.180719,2.83448,0.979475,0.511947,1.0,0.885004,5.685978,0.979296,0.999013,1050.0,1050.0,0.0,0.0,0.0,1.0,40,0,0,0,0.0,0.0,946.935,854.269,839.454,"{""succeeded"": 40}","{""SUCCEEDED"": 40}",0,0,160,0.2393
E2,kube-fake,balanced,0.8,fifo+first_fit,5,14050.902,3229.311344,4355.33,4459.584375,34.960929,0.91272,0.397843,0.214286,0.498194,0.52579,0.920143,0.998918,1050.0,1050.0,0.0,0.0,0.0,1.0,40,0,0,0,0.0,0.0,4355.33,4258.452,4498.403,"{""succeeded"": 40}","{""SUCCEEDED"": 40}",0,0,160,0.2412
E2,kube-fake,balanced,0.8,fifo+first_fit,6,12772.313,10.79425,143.974,846.10675,1.062921,0.996827,0.422108,1.0,0.995204,2.663172,0.996984,0.998806,1050.0,1050.0,0.0,0.0,0.0,1.0,40,0,0,0,0.0,0.0,143.974,0.0,201.442,"{""succeeded"": 40}","{""SUCCEEDED"": 40}",0,0,160,0.2317
E2,kube-fake,balanced,0.8,fifo+first_fit,7,12212.013,1421.182531,4296.781,3117.170469,14.55988,0.861263,0.557134,0.666667,0.565459,10.791621,0.87498,0.999442,1050.0,1050.0,0.0,0.0,0.0,1.0,40,0,0,0,0.0,0.0,4412.291,4296.781,3616.164,"{""succeeded"": 40}","{""SUCCEEDED"": 40}",0,0,160,0.2298
E2,kube-fake,balanced,0.8,fifo+first_fit,8,13477.1,15.503781,103.237,1036.690812,1.158423,0.979981,0.466949,1.0,0.980371,2.642318,0.979244,0.999134,1050.0,1050.0,0.0,0.0,0.0,1.0,40,0,0,0,0.0,0.0,303.909,88.975,103.237,"{""succeeded"": 40}","{""SUCCEEDED"": 40}",0,0,160,0.2131
E2,kube-fake,balanced,0.8,fifo+first_fit,9,8548.215,94.77725,777.209,1011.305563,1.792836,0.988801,0.563129,1.0,0.978274,4.855232,0.988404,0.998714,1050.0,1050.0,0.0,0.0,0.0,1.0,40,0,0,0,0.0,0.0,789.342,113.694,777.209,"{""succeeded"": 40}","{""SUCCEEDED"": 40}",0,0,160,0.2453
E2,kube-fake,balanced,0.8,fifo+first_fit,10,10762.285,226.345469,1950.673,1362.117219,6.302342,0.934784,0.376516,1.0,0.988357,1.351299,0.935565,0.998638,1050.0,1050.0,0.0,0.0,0.0,1.0,40,0,0,0,0.0,0.0,1953.002,1660.139,1950.673,"{""succeeded"": 40}","{""SUCCEEDED"": 40}",0,0,160,0.2096
E2,local,balanced,0.8,fifo+first_fit,1,10526.107,523.2535,2007.779,1674.0345,10.482733,0.828086,0.7271,0.95,0.786325,7.992086,0.83835,0.999129,970.925,1000.0,0.0,0.0,0.0,1.0,40,0,0,0,0.0,0.0,2045.629,1806.24,2007.779,"{""succeeded"": 40}","{""SUCCEEDED"": 40}",0,0,160,0.1285
E2,local,balanced,0.8,fifo+first_fit,2,20754.425,981.549781,5839.686,2611.04975,12.893074,0.857744,0.46763,0.823529,0.756727,6.974362,0.865933,0.999616,996.95,1000.0,0.0,0.0,0.0,1.0,40,0,0,0,0.0,0.0,5839.686,2078.846,6098.318,"{""succeeded"": 40}","{""SUCCEEDED"": 40}",0,0,160,0.1123
E2,local,balanced,0.8,fifo+first_fit,3,13177.768,965.590156,2420.094,2062.358187,12.240226,0.916637,0.65776,0.785714,0.880602,1.795743,0.921926,0.999415,1000.0,1000.0,0.0,0.0,0.0,1.0,40,0,0,0,0.0,0.0,2537.03,2076.348,2420.094,"{""succeeded"": 40}","{""SUCCEEDED"": 40}",0,0,160,0.1225
E2,local,balanced,0.8,fifo+first_fit,4,9948.507,167.328094,853.219,1314.671344,2.824214,0.979417,0.511573,1.0,0.885022,5.681311,0.979279,0.999059,1000.0,1000.0,0.0,0.0,0.0,1.0,40,0,0,0,0.0,0.0,944.835,853.219,838.404,"{""succeeded"": 40}","{""SUCCEEDED"": 40}",0,0,160,0.1139
E2,local,balanced,0.8,fifo+first_fit,5,14046.702,3227.047281,4352.18,4456.270312,34.934865,0.912729,0.397557,0.214286,0.497959,0.523371,0.920149,0.998968,1000.0,1000.0,0.0,0.0,0.0,1.0,40,0,0,0,0.0,0.0,4352.18,4256.352,4497.353,"{""succeeded"": 40}","{""SUCCEEDED"": 40}",0,0,160,0.1319
E2,local,balanced,0.8,fifo+first_fit,6,12771.263,10.728625,142.924,844.991125,1.06201,0.996794,0.421514,1.0,0.995234,2.653255,0.996968,0.998862,1000.0,1000.0,0.0,0.0,0.0,1.0,40,0,0,0,0.0,0.0,142.924,0.0,200.392,"{""succeeded"": 40}","{""SUCCEEDED"": 40}",0,0,160,0.1045
E2,local,balanced,0.8,fifo+first_fit,7,12207.813,1420.296594,4295.731,3115.234531,14.553254,0.861191,0.556976,0.666667,0.565372,10.791037,0.874915,0.999468,1000.0,1000.0,0.0,0.0,0.0,1.0,40,0,0,0,0.0,0.0,4411.241,4295.731,3614.064,"{""succeeded"": 40}","{""SUCCEEDED"": 40}",0,0,160,0.1223
E2,local,balanced,0.8,fifo+first_fit,8,13476.05,15.405344,102.187,1035.542375,1.155233,0.980056,0.466321,1.0,0.980501,2.635026,0.97932,0.999182,974.0,1000.0,0.0,0.0,0.0,1.0,40,0,0,0,0.0,0.0,302.859,87.925,102.187,"{""succeeded"": 40}","{""SUCCEEDED"": 40}",0,0,160,0.0993
E2,local,balanced,0.8,fifo+first_fit,9,8546.115,94.547562,776.159,1010.025875,1.790697,0.988986,0.562297,1.0,0.978502,4.846774,0.988599,0.998843,985.95,1000.0,0.0,0.0,0.0,1.0,40,0,0,0,0.0,0.0,788.292,112.644,776.159,"{""succeeded"": 40}","{""SUCCEEDED"": 40}",0,0,160,0.1176
E2,local,balanced,0.8,fifo+first_fit,10,10761.235,226.181406,1949.623,1360.903156,6.296636,0.935165,0.375839,1.0,0.988402,1.348382,0.935939,0.998702,1000.0,1000.0,0.0,0.0,0.0,1.0,40,0,0,0,0.0,0.0,1951.952,1659.089,1949.623,"{""succeeded"": 40}","{""SUCCEEDED"": 40}",0,0,160,0.1072
