variant,load,policy,metric,mean,ci95,n
balanced,0.8,fifo+first_fit,bsld_p95,32.396058,27.374973,10
balanced,0.8,fifo+first_fit,wait_p95,4346.084,2257.403648,10
balanced,0.8,fifo+first_fit,wait_mean,2100.350252,1242.989732,10
balanced,0.8,fifo+first_fit,jct_mean,3079.913978,1317.239138,10
balanced,0.8,fifo+first_fit,jain_bsld,0.895563,0.062513,10
balanced,0.8,fifo+first_fit,utilization,0.719055,0.045759,10
balanced,0.8,fifo+first_fit,slo_attainment,0.72595,0.185437,10
balanced,0.8,fifo+first_fit,quota_satisfaction,0.707572,0.047967,10
balanced,0.8,fifo+first_fit,borrowed_gpu_hours,47.120229,9.805291,10
balanced,0.8,fifo+first_fit,jain_weighted_bsld,0.895979,0.064395,10
balanced,0.8,fifo+first_fit,wait_p95_team-a,4358.6185,2246.494447,10
balanced,0.8,fifo+first_fit,wait_p95_team-b,4375.5294,2275.404297,10
balanced,0.8,fifo+first_fit,wait_p95_team-c,4288.4504,2234.283548,10
balanced,0.8,priority+best_fit,bsld_p95,8.903543,6.925307,10
balanced,0.8,priority+best_fit,wait_p95,3245.9176,3230.534919,10
balanced,0.8,priority+best_fit,wait_mean,537.840639,406.66742,10
balanced,0.8,priority+best_fit,jct_mean,1518.90687,477.426675,10
balanced,0.8,priority+best_fit,jain_bsld,0.940732,0.039179,10
balanced,0.8,priority+best_fit,utilization,0.7534,0.054742,10
balanced,0.8,priority+best_fit,slo_attainment,0.966792,0.02692,10
balanced,0.8,priority+best_fit,quota_satisfaction,0.789306,0.054377,10
balanced,0.8,priority+best_fit,borrowed_gpu_hours,51.030316,12.164585,10
balanced,0.8,priority+best_fit,jain_weighted_bsld,0.939706,0.041529,10
balanced,0.8,priority+best_fit,wait_p95_team-a,3100.3443,3183.318254,10
balanced,0.8,priority+best_fit,wait_p95_team-b,4172.2695,4212.622467,10
balanced,0.8,priority+best_fit,wait_p95_team-c,3657.5678,3493.056508,10
balanced,0.8,quota+first_fit,bsld_p95,6.523627,3.790972,10
balanced,0.8,quota+first_fit,wait_p95,2510.6037,1736.945382,10
balanced,0.8,quota+first_fit,wait_mean,478.146029,296.113587,10
balanced,0.8,quota+first_fit,jct_mean,1460.154772,370.106857,10
balanced,0.8,quota+first_fit,jain_bsld,0.924318,0.041438,10
balanced,0.8,quota+first_fit,utilization,0.739511,0.043102,10
balanced,0.8,quota+first_fit,slo_attainment,0.96052,0.029766,10
balanced,0.8,quota+first_fit,quota_satisfaction,0.805785,0.049323,10
balanced,0.8,quota+first_fit,borrowed_gpu_hours,44.703325,9.373847,10
balanced,0.8,quota+first_fit,jain_weighted_bsld,0.925445,0.040333,10
balanced,0.8,quota+first_fit,wait_p95_team-a,2755.4565,2558.659957,10
balanced,0.8,quota+first_fit,wait_p95_team-b,3507.7616,2422.520203,10
balanced,0.8,quota+first_fit,wait_p95_team-c,3121.2409,3141.895393,10
balanced,0.8,stub,bsld_p95,32.396058,27.374973,10
balanced,0.8,stub,wait_p95,4346.084,2257.403648,10
balanced,0.8,stub,wait_mean,2100.350252,1242.989732,10
balanced,0.8,stub,jct_mean,3079.913978,1317.239138,10
balanced,0.8,stub,jain_bsld,0.895563,0.062513,10
balanced,0.8,stub,utilization,0.719055,0.045759,10
balanced,0.8,stub,slo_attainment,0.72595,0.185437,10
balanced,0.8,stub,quota_satisfaction,0.707572,0.047967,10
balanced,0.8,stub,borrowed_gpu_hours,47.120229,9.805291,10
balanced,0.8,stub,jain_weighted_bsld,0.895979,0.064395,10
balanced,0.8,stub,wait_p95_team-a,4358.6185,2246.494447,10
balanced,0.8,stub,wait_p95_team-b,4375.5294,2275.404297,10
balanced,0.8,stub,wait_p95_team-c,4288.4504,2234.283548,10
balanced,1.0,fifo+first_fit,bsld_p95,78.706375,67.273418,10
balanced,1.0,fifo+first_fit,wait_p95,8167.946,3333.519658,10
balanced,1.0,fifo+first_fit,wait_mean,5091.35117,2109.413508,10
balanced,1.0,fifo+first_fit,jct_mean,6070.579635,2174.790747,10
balanced,1.0,fifo+first_fit,jain_bsld,0.887155,0.064324,10
balanced,1.0,fifo+first_fit,utilization,0.753934,0.030395,10
balanced,1.0,fifo+first_fit,slo_attainment,0.376342,0.237399,10
balanced,1.0,fifo+first_fit,quota_satisfaction,0.632667,0.044477,10
balanced,1.0,fifo+first_fit,borrowed_gpu_hours,42.114295,8.365413,10
balanced,1.0,fifo+first_fit,jain_weighted_bsld,0.888231,0.066275,10
balanced,1.0,fifo+first_fit,wait_p95_team-a,8256.7018,3308.916656,10
balanced,1.0,fifo+first_fit,wait_p95_team-b,8150.3808,3323.548403,10
balanced,1.0,fifo+first_fit,wait_p95_team-c,8200.5574,3450.487383,10
balanced,1.0,priority+best_fit,bsld_p95,19.072756,10.600574,10
balanced,1.0,priority+best_fit,wait_p95,6950.7345,4176.250688,10
balanced,1.0,priority+best_fit,wait_mean,1103.538697,523.843529,10
balanced,1.0,priority+best_fit,jct_mean,2086.503929,603.895918,10
balanced,1.0,priority+best_fit,jain_bsld,0.908295,0.045548,10
balanced,1.0,priority+best_fit,utilization,0.846711,0.029606,10
balanced,1.0,priority+best_fit,slo_attainment,0.928427,0.039678,10
balanced,1.0,priority+best_fit,quota_satisfaction,0.735484,0.0442,10
balanced,1.0,priority+best_fit,borrowed_gpu_hours,48.449556,10.833968,10
balanced,1.0,priority+best_fit,jain_weighted_bsld,0.907217,0.049119,10
balanced,1.0,priority+best_fit,wait_p95_team-a,7218.4237,4239.876004,10
balanced,1.0,priority+best_fit,wait_p95_team-b,7313.5702,4389.142747,10
balanced,1.0,priority+best_fit,wait_p95_team-c,8065.3575,6469.00872,10
balanced,1.0,quota+first_fit,bsld_p95,17.032277,8.186989,10
balanced,1.0,quota+first_fit,wait_p95,6301.1344,3304.860072,10
balanced,1.0,quota+first_fit,wait_mean,1057.659314,406.444468,10
balanced,1.0,quota+first_fit,jct_mean,2038.731608,483.948461,10
balanced,1.0,quota+first_fit,jain_bsld,0.904755,0.079702,10
balanced,1.0,quota+first_fit,utilization,0.833495,0.037839,10
balanced,1.0,quota+first_fit,slo_attainment,0.924221,0.04033,10
balanced,1.0,quota+first_fit,quota_satisfaction,0.760657,0.02314,10
balanced,1.0,quota+first_fit,borrowed_gpu_hours,41.940538,9.641825,10
balanced,1.0,quota+first_fit,jain_weighted_bsld,0.909923,0.072071,10
balanced,1.0,quota+first_fit,wait_p95_team-a,6321.3351,3459.883407,10
balanced,1.0,quota+first_fit,wait_p95_team-b,7003.1117,3285.472211,10
balanced,1.0,quota+first_fit,wait_p95_team-c,7469.0478,5704.826876,10
balanced,1.0,stub,bsld_p95,78.706375,67.273418,10
balanced,1.0,stub,wait_p95,8167.946,3333.519658,10
balanced,1.0,stub,wait_mean,5091.35117,2109.413508,10
balanced,1.0,stub,jct_mean,6070.579635,2174.790747,10
balanced,1.0,stub,jain_bsld,0.887155,0.064324,10
balanced,1.0,stub,utilization,0.753934,0.030395,10
balanced,1.0,stub,slo_attainment,0.376342,0.237399,10
balanced,1.0,stub,quota_satisfaction,0.632667,0.044477,10
balanced,1.0,stub,borrowed_gpu_hours,42.114295,8.365413,10
balanced,1.0,stub,jain_weighted_bsld,0.888231,0.066275,10
balanced,1.0,stub,wait_p95_team-a,8256.7018,3308.916656,10
balanced,1.0,stub,wait_p95_team-b,8150.3808,3323.548403,10
balanced,1.0,stub,wait_p95_team-c,8200.5574,3450.487383,10
bursty,0.8,fifo+first_fit,bsld_p95,66.952502,65.883739,10
bursty,0.8,fifo+first_fit,wait_p95,8436.5606,3694.677369,10
bursty,0.8,fifo+first_fit,wait_mean,3988.166798,2413.526913,10
bursty,0.8,fifo+first_fit,jct_mean,4967.497651,2433.616329,10
bursty,0.8,fifo+first_fit,jain_bsld,0.889642,0.065698,10
bursty,0.8,fifo+first_fit,utilization,0.635112,0.081001,10
bursty,0.8,fifo+first_fit,slo_attainment,0.541576,0.220268,10
bursty,0.8,fifo+first_fit,quota_satisfaction,0.68618,0.062204,10
bursty,0.8,fifo+first_fit,borrowed_gpu_hours,41.034832,10.22876,10
bursty,0.8,fifo+first_fit,jain_weighted_bsld,0.891087,0.066964,10
bursty,0.8,fifo+first_fit,wait_p95_team-a,8185.2225,3756.051917,10
bursty,0.8,fifo+first_fit,wait_p95_team-b,8420.5255,3600.909173,10
bursty,0.8,fifo+first_fit,wait_p95_team-c,8149.8005,3769.937637,10
bursty,0.8,priority+best_fit,bsld_p95,22.241914,11.87335,10
bursty,0.8,priority+best_fit,wait_p95,6446.2283,2996.910306,10
bursty,0.8,priority+best_fit,wait_mean,1101.376972,522.660505,10
bursty,0.8,priority+best_fit,jct_mean,2080.499218,551.266586,10
bursty,0.8,priority+best_fit,jain_bsld,0.914398,0.036726,10
bursty,0.8,priority+best_fit,utilization,0.710171,0.126167,10
bursty,0.8,priority+best_fit,slo_attainment,0.938205,0.032793,10
bursty,0.8,priority+best_fit,quota_satisfaction,0.776541,0.041267,10
bursty,0.8,priority+best_fit,borrowed_gpu_hours,49.279041,12.028824,10
bursty,0.8,priority+best_fit,jain_weighted_bsld,0.913447,0.041132,10
bursty,0.8,priority+best_fit,wait_p95_team-a,6646.1673,2173.389925,10
bursty,0.8,priority+best_fit,wait_p95_team-b,7173.5571,3846.35448,10
bursty,0.8,priority+best_fit,wait_p95_team-c,7449.6886,5424.082269,10
bursty,0.8,quota+first_fit,bsld_p95,20.933875,10.211269,10
bursty,0.8,quota+first_fit,wait_p95,7091.2853,3787.323278,10
bursty,0.8,quota+first_fit,wait_mean,1095.250233,539.328543,10
bursty,0.8,quota+first_fit,jct_mean,2076.818027,589.271895,10
bursty,0.8,quota+first_fit,jain_bsld,0.916944,0.024993,10
bursty,0.8,quota+first_fit,utilization,0.702962,0.123524,10
bursty,0.8,quota+first_fit,slo_attainment,0.90579,0.044558,10
bursty,0.8,quota+first_fit,quota_satisfaction,0.799248,0.040018,10
bursty,0.8,quota+first_fit,borrowed_gpu_hours,42.072058,12.180301,10
bursty,0.8,quota+first_fit,jain_weighted_bsld,0.916039,0.025789,10
bursty,0.8,quota+first_fit,wait_p95_team-a,7338.6009,3509.576644,10
bursty,0.8,quota+first_fit,wait_p95_team-b,7796.9689,4504.620737,10
bursty,0.8,quota+first_fit,wait_p95_team-c,7558.1763,5671.154029,10
bursty,0.8,stub,bsld_p95,66.952502,65.883739,10
bursty,0.8,stub,wait_p95,8436.5606,3694.677369,10
bursty,0.8,stub,wait_mean,3988.166798,2413.526913,10
bursty,0.8,stub,jct_mean,4967.497651,2433.616329,10
bursty,0.8,stub,jain_bsld,0.889642,0.065698,10
bursty,0.8,stub,utilization,0.635112,0.081001,10
bursty,0.8,stub,slo_attainment,0.541576,0.220268,10
bursty,0.8,stub,quota_satisfaction,0.68618,0.062204,10
bursty,0.8,stub,borrowed_gpu_hours,41.034832,10.22876,10
bursty,0.8,stub,jain_weighted_bsld,0.891087,0.066964,10
bursty,0.8,stub,wait_p95_team-a,8185.2225,3756.051917,10
bursty,0.8,stub,wait_p95_team-b,8420.5255,3600.909173,10
bursty,0.8,stub,wait_p95_team-c,8149.8005,3769.937637,10
bursty,1.0,fifo+first_fit,bsld_p95,75.483985,60.187748,10
bursty,1.0,fifo+first_fit,wait_p95,10516.814,4685.425478,10
bursty,1.0,fifo+first_fit,wait_mean,5566.880878,2797.328965,10
bursty,1.0,fifo+first_fit,jct_mean,6546.958268,2867.413905,10
bursty,1.0,fifo+first_fit,jain_bsld,0.884446,0.064434,10
bursty,1.0,fifo+first_fit,utilization,0.713964,0.050607,10
bursty,1.0,fifo+first_fit,slo_attainment,0.397225,0.220667,10
bursty,1.0,fifo+first_fit,quota_satisfaction,0.649503,0.045897,10
bursty,1.0,fifo+first_fit,borrowed_gpu_hours,41.76143,8.426314,10
bursty,1.0,fifo+first_fit,jain_weighted_bsld,0.885974,0.06608,10
bursty,1.0,fifo+first_fit,wait_p95_team-a,10814.9968,4697.091943,10
bursty,1.0,fifo+first_fit,wait_p95_team-b,10434.764,4672.247556,10
bursty,1.0,fifo+first_fit,wait_p95_team-c,10346.8299,4730.387383,10
bursty,1.0,priority+best_fit,bsld_p95,30.519809,19.785158,10
bursty,1.0,priority+best_fit,wait_p95,9463.1583,5477.05466,10
bursty,1.0,priority+best_fit,wait_mean,1593.154149,916.136192,10
bursty,1.0,priority+best_fit,jct_mean,2574.428296,980.548249,10
bursty,1.0,priority+best_fit,jain_bsld,0.882978,0.067584,10
bursty,1.0,priority+best_fit,utilization,0.781127,0.084155,10
bursty,1.0,priority+best_fit,slo_attainment,0.900036,0.053481,10
bursty,1.0,priority+best_fit,quota_satisfaction,0.761508,0.039954,10
bursty,1.0,priority+best_fit,borrowed_gpu_hours,47.491475,11.00795,10
bursty,1.0,priority+best_fit,jain_weighted_bsld,0.888124,0.064809,10
bursty,1.0,priority+best_fit,wait_p95_team-a,9213.0665,5666.048415,10
bursty,1.0,priority+best_fit,wait_p95_team-b,10020.1391,5447.815635,10
bursty,1.0,priority+best_fit,wait_p95_team-c,9581.6116,5673.865605,10
bursty,1.0,quota+first_fit,bsld_p95,23.779872,11.579628,10
bursty,1.0,quota+first_fit,wait_p95,9085.9458,4985.29845,10
bursty,1.0,quota+first_fit,wait_mean,1436.427336,783.810008,10
bursty,1.0,quota+first_fit,jct_mean,2419.060521,851.08265,10
bursty,1.0,quota+first_fit,jain_bsld,0.897127,0.061257,10
bursty,1.0,quota+first_fit,utilization,0.763251,0.077496,10
bursty,1.0,quota+first_fit,slo_attainment,0.883486,0.049406,10
bursty,1.0,quota+first_fit,quota_satisfaction,0.785994,0.015723,10
bursty,1.0,quota+first_fit,borrowed_gpu_hours,39.193992,8.972329,10
bursty,1.0,quota+first_fit,jain_weighted_bsld,0.903237,0.056491,10
bursty,1.0,quota+first_fit,wait_p95_team-a,8929.3218,4868.046517,10
bursty,1.0,quota+first_fit,wait_p95_team-b,9022.8629,4492.625037,10
bursty,1.0,quota+first_fit,wait_p95_team-c,8816.849,4779.269771,10
bursty,1.0,stub,bsld_p95,75.483985,60.187748,10
bursty,1.0,stub,wait_p95,10516.814,4685.425478,10
bursty,1.0,stub,wait_mean,5566.880878,2797.328965,10
bursty,1.0,stub,jct_mean,6546.958268,2867.413905,10
bursty,1.0,stub,jain_bsld,0.884446,0.064434,10
bursty,1.0,stub,utilization,0.713964,0.050607,10
bursty,1.0,stub,slo_attainment,0.397225,0.220667,10
bursty,1.0,stub,quota_satisfaction,0.649503,0.045897,10
bursty,1.0,stub,borrowed_gpu_hours,41.76143,8.426314,10
bursty,1.0,stub,jain_weighted_bsld,0.885974,0.06608,10
bursty,1.0,stub,wait_p95_team-a,10814.9968,4697.091943,10
bursty,1.0,stub,wait_p95_team-b,10434.764,4672.247556,10
bursty,1.0,stub,wait_p95_team-c,10346.8299,4730.387383,10
skew,0.8,fifo+first_fit,bsld_p95,30.170905,17.565322,10
skew,0.8,fifo+first_fit,wait_p95,4656.6947,2718.595061,10
skew,0.8,fifo+first_fit,wait_mean,2305.374869,1350.528956,10
skew,0.8,fifo+first_fit,jct_mean,3333.952146,1420.369489,10
skew,0.8,fifo+first_fit,jain_bsld,0.92726,0.036958,10
skew,0.8,fifo+first_fit,utilization,0.702966,0.04882,10
skew,0.8,fifo+first_fit,slo_attainment,0.694988,0.184501,10
skew,0.8,fifo+first_fit,quota_satisfaction,0.717447,0.078319,10
skew,0.8,fifo+first_fit,borrowed_gpu_hours,60.969911,15.715721,10
skew,0.8,fifo+first_fit,jain_weighted_bsld,0.929271,0.034878,10
skew,0.8,fifo+first_fit,wait_p95_team-a,4723.3429,2735.004988,10
skew,0.8,fifo+first_fit,wait_p95_team-b,4620.6521,2738.699792,10
skew,0.8,fifo+first_fit,wait_p95_team-c,4606.521,2715.484049,10
skew,0.8,priority+best_fit,bsld_p95,9.766344,7.526737,10
skew,0.8,priority+best_fit,wait_p95,3079.7579,3024.684233,10
skew,0.8,priority+best_fit,wait_mean,580.968125,400.201427,10
skew,0.8,priority+best_fit,jct_mean,1609.645021,476.594305,10
skew,0.8,priority+best_fit,jain_bsld,0.933516,0.039892,10
skew,0.8,priority+best_fit,utilization,0.734284,0.065042,10
skew,0.8,priority+best_fit,slo_attainment,0.960106,0.032538,10
skew,0.8,priority+best_fit,quota_satisfaction,0.822297,0.073192,10
skew,0.8,priority+best_fit,borrowed_gpu_hours,64.067648,15.743148,10
skew,0.8,priority+best_fit,jain_weighted_bsld,0.936572,0.037097,10
skew,0.8,priority+best_fit,wait_p95_team-a,3346.4042,2858.521554,10
skew,0.8,priority+best_fit,wait_p95_team-b,4966.6288,5677.834899,10
skew,0.8,priority+best_fit,wait_p95_team-c,2810.6166,1884.442716,10
skew,0.8,quota+first_fit,bsld_p95,11.222625,11.445787,10
skew,0.8,quota+first_fit,wait_p95,3875.0393,4140.121522,10
skew,0.8,quota+first_fit,wait_mean,605.323099,423.004994,10
skew,0.8,quota+first_fit,jct_mean,1633.567943,493.953403,10
skew,0.8,quota+first_fit,jain_bsld,0.91505,0.05211,10
skew,0.8,quota+first_fit,utilization,0.719494,0.056027,10
skew,0.8,quota+first_fit,slo_attainment,0.95124,0.031254,10
skew,0.8,quota+first_fit,quota_satisfaction,0.82595,0.067311,10
skew,0.8,quota+first_fit,borrowed_gpu_hours,60.401884,15.510381,10
skew,0.8,quota+first_fit,jain_weighted_bsld,0.919114,0.048448,10
skew,0.8,quota+first_fit,wait_p95_team-a,4233.742,4605.500002,10
skew,0.8,quota+first_fit,wait_p95_team-b,4075.4979,5485.483925,10
skew,0.8,quota+first_fit,wait_p95_team-c,2408.9613,1926.460873,10
skew,0.8,stub,bsld_p95,30.170905,17.565322,10
skew,0.8,stub,wait_p95,4656.6947,2718.595061,10
skew,0.8,stub,wait_mean,2305.374869,1350.528956,10
skew,0.8,stub,jct_mean,3333.952146,1420.369489,10
skew,0.8,stub,jain_bsld,0.92726,0.036958,10
skew,0.8,stub,utilization,0.702966,0.04882,10
skew,0.8,stub,slo_attainment,0.694988,0.184501,10
skew,0.8,stub,quota_satisfaction,0.717447,0.078319,10
skew,0.8,stub,borrowed_gpu_hours,60.969911,15.715721,10
skew,0.8,stub,jain_weighted_bsld,0.929271,0.034878,10
skew,0.8,stub,wait_p95_team-a,4723.3429,2735.004988,10
skew,0.8,stub,wait_p95_team-b,4620.6521,2738.699792,10
skew,0.8,stub,wait_p95_team-c,4606.521,2715.484049,10
skew,1.0,fifo+first_fit,bsld_p95,62.813303,29.419269,10
skew,1.0,fifo+first_fit,wait_p95,8696.164,3634.832354,10
skew,1.0,fifo+first_fit,wait_mean,4823.850424,1734.409882,10
skew,1.0,fifo+first_fit,jct_mean,5853.814823,1810.022977,10
skew,1.0,fifo+first_fit,jain_bsld,0.919908,0.041036,10
skew,1.0,fifo+first_fit,utilization,0.743882,0.030088,10
skew,1.0,fifo+first_fit,slo_attainment,0.370774,0.209833,10
skew,1.0,fifo+first_fit,quota_satisfaction,0.603592,0.047362,10
skew,1.0,fifo+first_fit,borrowed_gpu_hours,55.282499,16.088028,10
skew,1.0,fifo+first_fit,jain_weighted_bsld,0.920703,0.041523,10
skew,1.0,fifo+first_fit,wait_p95_team-a,8784.6375,3602.429496,10
skew,1.0,fifo+first_fit,wait_p95_team-b,8521.6127,3578.414823,10
skew,1.0,fifo+first_fit,wait_p95_team-c,8542.7376,3798.602199,10
skew,1.0,priority+best_fit,bsld_p95,17.338375,11.268921,10
skew,1.0,priority+best_fit,wait_p95,6598.1965,4023.195289,10
skew,1.0,priority+best_fit,wait_mean,1108.166381,574.104773,10
skew,1.0,priority+best_fit,jct_mean,2137.217295,648.191113,10
skew,1.0,priority+best_fit,jain_bsld,0.924471,0.048195,10
skew,1.0,priority+best_fit,utilization,0.838881,0.038862,10
skew,1.0,priority+best_fit,slo_attainment,0.924768,0.044206,10
skew,1.0,priority+best_fit,quota_satisfaction,0.732786,0.044693,10
skew,1.0,priority+best_fit,borrowed_gpu_hours,64.964289,16.149204,10
skew,1.0,priority+best_fit,jain_weighted_bsld,0.928239,0.044773,10
skew,1.0,priority+best_fit,wait_p95_team-a,7612.3326,4092.08693,10
skew,1.0,priority+best_fit,wait_p95_team-b,8965.1313,7048.610788,10
skew,1.0,priority+best_fit,wait_p95_team-c,4941.1488,2833.593194,10
skew,1.0,quota+first_fit,bsld_p95,17.170493,12.297379,10
skew,1.0,quota+first_fit,wait_p95,6679.6409,4339.784894,10
skew,1.0,quota+first_fit,wait_mean,1031.040088,543.818735,10
skew,1.0,quota+first_fit,jct_mean,2058.546577,611.224133,10
skew,1.0,quota+first_fit,jain_bsld,0.900015,0.065928,10
skew,1.0,quota+first_fit,utilization,0.832874,0.036655,10
skew,1.0,quota+first_fit,slo_attainment,0.928982,0.041167,10
skew,1.0,quota+first_fit,quota_satisfaction,0.770792,0.054354,10
skew,1.0,quota+first_fit,borrowed_gpu_hours,63.032454,16.085827,10
skew,1.0,quota+first_fit,jain_weighted_bsld,0.905437,0.061348,10
skew,1.0,quota+first_fit,wait_p95_team-a,7296.278,4341.720085,10
skew,1.0,quota+first_fit,wait_p95_team-b,7528.7487,7501.776623,10
skew,1.0,quota+first_fit,wait_p95_team-c,4209.6126,2956.405721,10
skew,1.0,stub,bsld_p95,62.813303,29.419269,10
skew,1.0,stub,wait_p95,8696.164,3634.832354,10
skew,1.0,stub,wait_mean,4823.850424,1734.409882,10
skew,1.0,stub,jct_mean,5853.814823,1810.022977,10
skew,1.0,stub,jain_bsld,0.919908,0.041036,10
skew,1.0,stub,utilization,0.743882,0.030088,10
skew,1.0,stub,slo_attainment,0.370774,0.209833,10
skew,1.0,stub,quota_satisfaction,0.603592,0.047362,10
skew,1.0,stub,borrowed_gpu_hours,55.282499,16.088028,10
skew,1.0,stub,jain_weighted_bsld,0.920703,0.041523,10
skew,1.0,stub,wait_p95_team-a,8784.6375,3602.429496,10
skew,1.0,stub,wait_p95_team-b,8521.6127,3578.414823,10
skew,1.0,stub,wait_p95_team-c,8542.7376,3798.602199,10
